"year","est","lwr","upr","log_est","log_se","type","log_lwr","log_upr","cv","sp_name","check","category"
2014,0.00279254855654728,0.0001220290716291,0.0639054885574877,-5.88080063897253,1.59719802776802,"index",-9.01130877339785,-2.75029250454721,3.43808810843375,"Exocoetidae",TRUE,3
2015,0.000806222695467725,5.43860584545216e-05,0.0119515010493136,-7.1231505565143,1.37566413470361,"index",-9.81945226053337,-4.42684885249523,2.37394566858688,"Exocoetidae",TRUE,3
2016,0.00665319058704401,0.00208673069926891,0.0212125814811846,-5.01265875185019,0.591591454615619,"index",-6.17217800289681,-3.85313950080358,0.647332839366316,"Exocoetidae",TRUE,3
2017,0.000638441590734666,6.36490720698236e-05,0.00640398440267379,-7.35648036555684,1.17637133352084,"index",-9.66216817925769,-5.05079255185599,1.7292288910535,"Exocoetidae",TRUE,3
2018,0.00240655141377069,0.000587559823953879,0.00985685111713203,-6.02956050490718,0.719386680233912,"index",-7.43955839816565,-4.61956261164871,0.823320523369978,"Exocoetidae",TRUE,3
2019,0.000415832086984368,3.36017128285408e-05,0.00514605685275969,-7.78522901624318,1.28354628904147,"index",-10.3009797427645,-5.2694782897219,2.04790924740241,"Exocoetidae",TRUE,3
