"year","est","lwr","upr","log_est","log_se","type","log_lwr","log_upr","cv","sp_name","check","category"
2013,0.30680629711653,0.0539054639062795,1.7462071027533,-1.18153868454801,0.887253421083122,"index",-2.92055538987093,0.557478020774909,1.09420130117061,"Tetraodontidae",TRUE,3
2014,0.0162769622549323,0.000821765155700798,0.32240293764044,-4.11800452949589,1.52352359351818,"index",-7.10411077279152,-1.13189828620025,3.03102616625411,"Tetraodontidae",TRUE,3
2015,0.095679152526144,0.0231296240279631,0.395791138543954,-2.3467548461963,0.724445052363302,"index",-3.76666714882837,-0.926842543564229,0.830756080055275,"Tetraodontidae",TRUE,3
2016,0.00108456840773897,5.47814779182058e-05,0.0214723785441088,-6.82657315201126,1.5232857781445,"index",-9.81221327717447,-3.84093302684804,3.02980872831688,"Tetraodontidae",TRUE,3
2017,0.183985630874829,0.062952920661234,0.537714724159795,-1.69289761749416,0.547188884085961,"index",-2.76538783030264,-0.620407404685671,0.5908217003033,"Tetraodontidae",TRUE,3
2018,0.146681963305622,0.0679785623369749,0.316505639712375,-1.91948855091071,0.392392073740565,"index",-2.68857701544222,-1.1504000863792,0.407992265094734,"Tetraodontidae",TRUE,3
2019,0.00623043186675058,0.000695822479691839,0.0557876216695567,-5.07830962807962,1.11844216388062,"index",-7.27045626928564,-2.8861629868736,1.57909171847996,"Tetraodontidae",TRUE,3
2021,0.0235566638872767,0.00386875672325637,0.143435334189493,-3.7483465309349,0.921688136624126,"index",-5.55485527871818,-1.94183778315161,1.15693492334663,"Tetraodontidae",TRUE,3
2022,0.0119226207604827,0.00152968097510535,0.0929271450136878,-4.42931777905453,1.04766124044367,"index",-6.48273381032413,-2.37590174778494,1.41313372077498,"Tetraodontidae",TRUE,3
