"Year","est","se","est_corr","se_corr","lwr","upr","type","species"
2013,0.680173052454267,1.98918135324665,0.680173052454267,NA,-3.21862239990916,4.5789685048177,"single","Thunnus obesus"
2014,170.821412198633,343.18638688443,170.821412198633,NA,-501.823906094849,843.466730492115,"single","Thunnus obesus"
2015,2.21242185587272e-42,1.57879092316202e-36,2.21242185587272e-42,NA,-3.0944279969757e-36,3.09443242181941e-36,"single","Thunnus obesus"
2016,2.72347169894413e-35,2.43440834623322e-30,2.72347169894413e-35,NA,-4.77141312390013e-30,4.77146759333411e-30,"single","Thunnus obesus"
2017,1.23421313633622,1.81838016437392,1.23421313633622,NA,-2.32981198583667,4.7982382585091,"single","Thunnus obesus"
2018,17.4750969327735,17.7647326773137,17.4750969327735,NA,-17.3437791147614,52.2939729803084,"single","Thunnus obesus"
2019,3.44410609994175e-39,8.04478726814709e-34,3.44410609994175e-39,NA,-1.57677486045073e-33,1.57678174866293e-33,"single","Thunnus obesus"
2020,7.92781502184234e-34,4.07046980984648e-29,7.92781502184234e-34,NA,-7.97804154914888e-29,7.97820010544931e-29,"single","Thunnus obesus"
2021,5.79734456910401e-40,1.92340986803471e-34,5.79734456910401e-40,NA,-3.76987754400346e-34,3.7698891386926e-34,"single","Thunnus obesus"
2022,2.02047222301337e-32,6.35543815337066e-28,2.02047222301337e-32,NA,-1.24564567333842e-27,1.24568608278288e-27,"single","Thunnus obesus"
2023,1.00740249678477e-34,7.33274312603617e-30,1.00740249678477e-34,NA,-1.43720757867812e-29,1.43722772672806e-29,"single","Thunnus obesus"
