"year","est","lwr","upr","log_est","log_se","type","log_lwr","log_upr","cv","sp_name","check","category"
2013,0.0307052739255523,0.00381223539070543,0.247312600145801,-3.48332085003711,1.06441685234659,"index",-5.56957788063642,-1.39706381943779,1.45082919793561,"Kyphosus spp.",TRUE,3
2017,0.0203884169318907,0.00116753062151222,0.356039950755379,-3.89278833684632,1.45924926488588,"index",-6.75291689602264,-1.03265977767001,2.72211134821165,"Kyphosus spp.",TRUE,3
2021,0.00448862763829243,0.000481775236717449,0.0418198706361883,-5.4062082724352,1.13870694140564,"index",-7.63807387759025,-3.17434266728016,1.63004229513534,"Kyphosus spp.",TRUE,3
