"year","est","lwr","upr","log_est","log_se","type","log_lwr","log_upr","cv","sp_name","check","category"
2014,0.928885682542026,0.0923220940721713,9.34585182347645,-0.07376960205439,1.17793092622031,"index",-2.3825142174462,2.23497501333742,1.73346780620029,"Alopiidae",TRUE,3
2015,0.430442069842601,0.214291104306058,0.864620004131196,-0.84294252899456,0.355862334380771,"index",-1.54043270438087,-0.145452353608248,0.36743172478296,"Alopiidae",TRUE,3
2016,0.201925329845229,0.0390362504582456,1.04451217405518,-1.59985730415144,0.83848850001903,"index",-3.24329476418874,0.0435801558858622,1.00991594539967,"Alopiidae",TRUE,3
2017,1.10962934293016,0.468276803323198,2.6293791833242,0.104026034270635,0.440172237291829,"index",-0.75871155082135,0.96676361936262,0.462379429744587,"Alopiidae",TRUE,3
2018,0.0567544836705371,0.00612155863990503,0.52618485032747,-2.8690206183312,1.13620348863279,"index",-5.09597945605147,-0.642061780610934,1.62365937605479,"Alopiidae",TRUE,3
2021,0.128441827576258,0.0258133457822502,0.639099759104957,-2.05227918083482,0.818680585070465,"index",-3.65689312757294,-0.447665234096712,0.977088680584384,"Alopiidae",TRUE,3
2022,0.0481681134995673,0.00404875857118921,0.57305643626602,-3.03305802249559,1.26343492407085,"index",-5.50939047367447,-0.556725571316719,1.98357788009754,"Alopiidae",TRUE,3
