"year","est","lwr","upr","log_est","log_se","type","log_lwr","log_upr","cv","sp_name","check","category"
2014,0.493069788041466,0.0799818975192168,3.03966051594167,-0.707104557064379,0.928001947079608,"index",-2.52598837334041,1.11177925921165,1.16874671469507,"Alopiidae",TRUE,3
2015,0.468821385017628,0.231366755465683,0.949978706350691,-0.757533425254557,0.360321782348381,"index",-1.46376411865738,-0.0513027318517297,0.372339674905317,"Alopiidae",TRUE,3
2016,0.244524392671074,0.0506763085197557,1.17988425672024,-1.40844020951759,0.803002793966335,"index",-2.98232568569161,0.165445266656423,0.951646768127397,"Alopiidae",TRUE,3
2017,1.0078927046278,0.440860600245771,2.30423790076868,0.00786172016200152,0.421889524198153,"index",-0.819041747266379,0.834765187590382,0.441377722363166,"Alopiidae",TRUE,3
2018,0.0449590137039833,0.00497006882598793,0.406697167384432,-3.10200401082631,1.1236520656642,"index",-5.30436205952814,-0.899645962124475,1.59203585923369,"Alopiidae",TRUE,3
2021,0.123186879238693,0.0248715525132064,0.610135101478315,-2.09405273324014,0.816330237369918,"index",-3.69405999848518,-0.494045467995104,0.973244619002151,"Alopiidae",TRUE,3
2022,0.0712633530278243,0.00756960678890257,0.670902152039603,-2.64137306647578,1.14402157765878,"index",-4.88365535868699,-0.399090774264562,1.64367722372308,"Alopiidae",TRUE,3
