"year","est","lwr","upr","log_est","log_se","type","log_lwr","log_upr","cv","sp_name","check","category"
2013,0.0698828349853576,0.00197293461341268,2.47530282675882,-2.66093522520093,1.82008342812485,"index",-6.22829874432564,0.906428293923775,5.14385715351413,"S. barracuda",TRUE,3
2014,0.00203069336768182,2.04323868221203e-05,0.201822508033303,-6.19937798381253,2.34647747568122,"index",-10.7984738361477,-1.60028213147734,15.6573880329082,"S. barracuda",TRUE,3
2015,0.0613690558038194,0.0105174141523621,0.358088115167211,-2.79084954800469,0.899951922996035,"index",-4.55475531707692,-1.02694377893247,1.1170109531525,"S. barracuda",TRUE,3
2017,5.29534955154658e-05,5.76993143686956e-07,0.00485980243957246,-9.8460964726951,2.305827564258,"index",-14.3655184986408,-5.32667444674943,14.2386517039083,"S. barracuda",TRUE,3
2018,0.0144750326386675,0.000637087660535527,0.328881852325256,-4.2353300006954,1.59353606553246,"index",-7.35866068913902,-1.11199931225178,3.41636107545783,"S. barracuda",TRUE,3
2019,0.00166106618879079,7.45271183495352e-05,0.0370219719297811,-6.40029560038466,1.58372904717656,"index",-9.50440453285071,-3.29618666791861,3.35898389323645,"S. barracuda",TRUE,3
2021,0.0143062109845529,0.00217146980700224,0.0942530594137478,-4.24706150142812,0.961900077624646,"index",-6.13238565357243,-2.36173734928381,1.23389758252489,"S. barracuda",TRUE,3
2022,0.00439248397370828,0.000389484316740948,0.0495370792352514,-5.42786038646784,1.23615872088157,"index",-7.85073147939571,-3.00498929353996,1.89983080052745,"S. barracuda",TRUE,3
