"year","est","lwr","upr","log_est","log_se","type","log_lwr","log_upr","cv","sp_name","check","category"
2014,0.0116046028962854,0.000937653721758136,0.143621046080819,-4.45635345817076,1.28358296650312,"index",-6.97217607251687,-1.94053084382465,2.04802864906491,"Rajiformes",TRUE,3
2015,0.00863649487181075,0.0021154958709482,0.035258420824703,-4.75175846461207,0.717721134724337,"index",-6.15849188867177,-3.34502504055237,0.820880881662939,"Rajiformes",TRUE,3
2016,0.00901797353630532,0.00248712539898904,0.0326979277902752,-4.70853563352899,0.657201902828013,"index",-5.99665136307189,-3.42041990398608,0.734985154524091,"Rajiformes",TRUE,3
