"year","est","lwr","upr","log_est","log_se","type","log_lwr","log_upr","cv","sp_name","check","category"
2014,0.00933530686007931,0.000672390314863321,0.129609175274273,-4.67395163053308,1.34222870960044,"index",-7.30471990134994,-2.04318335971622,2.24926672317884,"Rajiformes",TRUE,3
2015,0.00916447040513547,0.00204984761842221,0.040972566473624,-4.69242118385155,0.764079671377978,"index",-6.19001733975239,-3.19482502795071,0.890432535973775,"Rajiformes",TRUE,3
2016,0.00932453012442869,0.00228059560247966,0.0381246293498251,-4.67510670352303,0.718488680688627,"index",-6.08334451767274,-3.26686888937332,0.8220046317218,"Rajiformes",TRUE,3
