"year","est","lwr","upr","log_est","log_se","type","log_lwr","log_upr","cv","sp_name","check","category"
2014,0.00801023525025689,0.000673361637526679,0.095288868846372,-4.827035148763,1.26338692545312,"index",-7.30327352265112,-2.35079677487488,1.98342702340521,"Belonidae",TRUE,3
2015,0.00437421123900541,0.00129244804136311,0.0148042500364358,-5.43202906365377,0.622046169449376,"index",-6.65123955577455,-4.21281857153299,0.687364718591541,"Belonidae",TRUE,3
2016,0.00548535965108075,0.00204258845789178,0.0147309020500198,-5.20567261747188,0.504021917673405,"index",-6.19355557611175,-4.217789658832,0.537792631283742,"Belonidae",TRUE,3
2017,0.00232730643278594,0.000822703079144112,0.00658360880054279,-6.06304371756216,0.530556424355978,"index",-7.10293430929987,-5.02315312582444,0.570177957727892,"Belonidae",TRUE,3
2018,0.00748972247145236,0.00293665136958227,0.0191020096155841,-4.89422353535013,0.477693370259114,"index",-5.83050254105799,-3.95794452964226,0.506285695384629,"Belonidae",TRUE,3
2019,0.00153217733966989,0.000471349967111578,0.0049805188585962,-6.48106545739838,0.601462201243117,"index",-7.65993137183488,-5.30219954296187,0.660189117940427,"Belonidae",TRUE,3
2020,0.00066249701580645,0.000144464861568812,0.0030381249196947,-7.31949450455714,0.777044762032941,"index",-8.8425022381417,-5.79648677097257,0.910523692387943,"Belonidae",TRUE,3
2021,0.00183538476901668,0.000516290877755107,0.00652468868903056,-6.30050113606826,0.6471236760817,"index",-7.56886354118839,-5.03213873094813,0.721172138186873,"Belonidae",TRUE,3
2023,0.00257599965996427,0.000737759199760332,0.00899449881518489,-5.96151760274148,0.637958391743992,"index",-7.21191605055971,-4.71111915492326,0.708724522768645,"Belonidae",TRUE,3
