"year","est","lwr","upr","log_est","log_se","type","log_lwr","log_upr","cv","sp_name","check","category"
2014,0.00678164896031575,0.000609231197118299,0.0754898351208717,-4.99353499711437,1.22950102663651,"index",-7.40335700932192,-2.58371298490681,1.87997588574445,"Belonidae",TRUE,3
2015,0.00426066437569172,0.00126367850651194,0.0143654108451967,-5.4583301741257,0.62011251083393,"index",-6.6737506953602,-4.2429096528912,0.684790302336588,"Belonidae",TRUE,3
2016,0.00489342350089437,0.00190428691752059,0.0125745723182738,-5.31986311802035,0.481531574771198,"index",-6.2636650045719,-4.37606123146881,0.510841604527384,"Belonidae",TRUE,3
2017,0.00238733882709388,0.000889278397618255,0.0064090016024392,-6.03757599486447,0.503848145283986,"index",-7.02511835962109,-5.05003363010786,0.537582681917771,"Belonidae",TRUE,3
2018,0.00744408284636278,0.00304827104805285,0.0181789508052145,-4.90033581098373,0.455541486804786,"index",-5.79319712512111,-4.00747449684635,0.480229033538561,"Belonidae",TRUE,3
2019,0.00130561604568569,0.000412375920611364,0.00413368767076591,-6.64108028393589,0.588018413150056,"index",-7.79359637371,-5.48856419416178,0.642706332366089,"Belonidae",TRUE,3
2020,0.000773045961339209,0.000185143540218105,0.00322776618422046,-7.1651720527496,0.729200688986297,"index",-8.59440540316274,-5.73593870233645,0.837782912441471,"Belonidae",TRUE,3
2021,0.00166621102435984,0.000469147658064648,0.00591766606946527,-6.39720307797684,0.646639394973514,"index",-7.66461629212493,-5.12978986382875,0.720511725688705,"Belonidae",TRUE,3
2023,0.00255470046241361,0.000744340452131755,0.00876815768102452,-5.96982029804507,0.629191017042987,"index",-7.20303469144933,-4.73660590464082,0.696916787506276,"Belonidae",TRUE,3
