"year","est","lwr","upr","log_est","log_se","type","log_lwr","log_upr","cv","sp_name","check","category"
2013,0.00736806739184029,0.000698823338031976,0.0776854666067493,-4.91059983351283,1.2018143027275,"index",-7.26615586685874,-2.55504380016692,1.79975779742689,"Balistidae",TRUE,3
2015,0.00121023599507244,0.000129341915872251,0.0113240255789593,-6.71693990114083,1.14089405002906,"index",-8.9530922391978,-4.48078756308387,1.63563945715241,"Balistidae",TRUE,3
2016,0.000275979460272849,1.03855606053956e-05,0.00733370738339567,-8.19518411431765,1.67345422233424,"index",-11.4751543900928,-4.91521383854254,3.93090735566589,"Balistidae",TRUE,3
2023,0.00254842393378657,0.000618595207509537,0.0104987307813827,-5.97228017607456,0.722349635071619,"index",-7.38808546081493,-4.55647489133419,0.827671119776888,"Balistidae",TRUE,3
