"Year","est"
2013,0.00366666666666667
2014,0
2015,0.00190409090909091
2016,0.001
2017,0
2018,0.000617647058823529
2019,0
2020,0.00274285714285714
2021,0
2022,0.000291666666666667
2023,0
