"Year","est"
2013,0.00075
2014,0
2015,0
2016,0
2017,0
2018,0.00628571428571429
2019,0
2020,0
2021,0
2022,0
2023,0
