"Year","est"
2013,0
2014,0.0032
2015,0.00150810810810811
2016,12.3684210526316
2017,0
2018,0
2019,0
2020,0
2021,0
2022,0
2023,0
