"Year","est"
2013,0
2014,0
2015,35.195894909688
2016,21.5523698296837
2017,2.77261403508772
2018,3.75
2019,1.5
2020,0
2021,0
2022,0
2023,1.2258064516129
