"Year","est"
2013,0
2014,5e-04
2015,0.00107954545454545
2016,0
2017,5e-04
2018,0
2019,0
2020,0
2021,0
2022,0
2023,0.000734375
