"Year","est"
2013,0.0555555555555556
2014,0
2015,1.57098329501916
2016,0.0315142857142857
2017,0
2018,0.0547235294117647
2019,0
2020,0
2021,0
2022,0
2023,0
