"Year","est"
2013,0
2014,0
2015,0
2016,5.68965517241379e-05
2017,0
2018,0
2019,0
2020,0
2021,0
2022,0
2023,0.00352941176470588
