"Year","est"
2013,0
2014,0
2015,0.00144
2016,0
2017,0
2018,0
2019,0
2020,0
2021,0.00166310160427807
2022,0
2023,0
