"Year","est"
2013,0
2014,0.000266666666666667
2015,0.0429946488294314
2016,0
2017,0
2018,0
2019,0.00526086956521739
2020,0
2021,0.0204046894282188
2022,0.00165
2023,0
