"Year","est"
2013,0.0771333333333333
2014,0.819
2015,0.819087154225085
2016,0
2017,0.0671909090909091
2018,0
2019,0
2020,0.03342
2021,0
2022,0
2023,0.0670769230769231
