"year","est","lwr","upr","log_est","log_se","type","log_lwr","log_upr","cv","sp_name","check","category"
2014,0.00239986751404129,0.00017810027156751,0.0323377613872284,-6.03234174563475,1.32697443307453,"index",-8.63321163446083,-3.43147185680866,2.19486785652353,"Osteichthyes",TRUE,3
2016,0.000260128965573324,1.82426067671393e-05,0.00370928780047692,-8.25433302849085,1.35585024068548,"index",-10.9117995002344,-5.59686655674732,2.29913701913303,"Osteichthyes",TRUE,3
2017,0.00184551921356333,0.000322948260902074,0.0105463988507564,-6.29499462451437,0.889314201573282,"index",-8.038050459598,-4.55193878943074,1.09787782345833,"Osteichthyes",TRUE,3
2019,0.000312519792368564,1.34422978618212e-05,0.00726576822103374,-8.07084275521403,1.60526496161403,"index",-11.2171620799775,-4.92452343045053,3.48654116982892,"Osteichthyes",TRUE,3
2023,0.00387584178289167,0.0010552282573779,0.0142359242381709,-5.55299240547415,0.663790652552752,"index",-6.85402208447755,-4.25196272647076,0.744088123409126,"Osteichthyes",TRUE,3
