"year","est","lwr","upr","log_est","log_se","type","log_lwr","log_upr","cv","sp_name","check","category"
2014,0.00187835562594614,0.000115132963307371,0.0306447411425015,-6.27735855193463,1.42454880033746,"index",-9.06947420059605,-3.48524290327321,2.57080868129278,"Osteichthyes",TRUE,3
2016,0.000302338255105628,2.01436304140389e-05,0.00453783248706794,-8.10396411735881,1.38199392031464,"index",-10.8126722011755,-5.39525603354212,2.39842909265992,"Osteichthyes",TRUE,3
2017,0.00179630229409898,0.000317600632022471,0.0101596206255565,-6.32202500806566,0.884042178427598,"index",-8.05474767778376,-4.58930233834757,1.0884914905921,"Osteichthyes",TRUE,3
2019,0.000344948322180213,1.50570104023551e-05,0.00790258768475928,-7.97211594293467,1.59775942288999,"index",-11.1037244117991,-4.84050747407028,3.44143366416313,"Osteichthyes",TRUE,3
2023,0.00395814196605485,0.00110090827806687,0.0142308747563918,-5.53198056431594,0.652889123642448,"index",-6.81164324665514,-4.25231788197674,0.729057859559165,"Osteichthyes",TRUE,3
