"year","est","lwr","upr","log_est","log_se","type","log_lwr","log_upr","cv","sp_name","check","category"
2013,0.11745624251141,0.0348225430242644,0.396179247887956,-2.14168941891579,0.620317977547824,"index",-3.35751265490952,-0.925866182922053,0.685063639310917,"S. rivoliana",TRUE,3
2014,0.0154532058840437,0.00171317685917795,0.139391079686442,-4.1699387965783,1.12219767324942,"index",-6.36944623614717,-1.97043135700943,1.58841173932089,"S. rivoliana",TRUE,3
2016,0.0219967656249008,0.00770911377288361,0.0627643737285029,-3.81685985348185,0.534954824656678,"index",-4.86537130980894,-2.76834839715476,0.575610660695752,"S. rivoliana",TRUE,3
2017,0.00696674491935588,0.0012038666768332,0.0403163703301806,-4.96660717629914,0.895735589685857,"index",-6.72224893208342,-3.21096542051486,1.10939614376131,"S. rivoliana",TRUE,3
2020,0.0044894992658909,0.000814740775631547,0.0247386705824455,-5.40601410552032,0.870743784053405,"index",-7.11267192226499,-3.69935628877565,1.065091335402,"S. rivoliana",TRUE,3
2021,0.00408541678192352,0.00054455317512,0.0306501385807627,-5.50033152847595,1.0281890122251,"index",-7.51558199243715,-3.48508106451476,1.37048229440794,"S. rivoliana",TRUE,3
2022,0.013898664439342,0.00243370003806496,0.0793741505428179,-4.27596252696238,0.888985724766752,"index",-6.01837454750522,-2.53355050641955,1.09729115919017,"S. rivoliana",TRUE,3
2023,0.0105366189427627,0.00246329821281853,0.0450697922676425,-4.55289857075002,0.741521543670604,"index",-6.00628079634441,-3.09951634515564,0.856154382998138,"S. rivoliana",TRUE,3
