"year","est","lwr","upr","log_est","log_se","type","log_lwr","log_upr","cv","sp_name","check","category"
2013,18.9683276177342,0.112907770089801,3186.649176824,2.94277062074249,2.6143105937622,"index",-2.18127814303143,8.0668193845164,30.4708872885461,"E. alletteratus",TRUE,3
2015,98.1293087112785,15.9184512263983,604.918222960321,4.58628608557195,0.927979906268013,"index",2.76744546928664,6.40512670185725,1.16870530912697,"E. alletteratus",TRUE,3
2016,17.057724139426,4.693424269574,61.9943853580419,2.83660312984834,0.658400206602586,"index",1.54613872490727,4.12706753478941,0.736636415564258,"E. alletteratus",TRUE,3
2017,31.2323406571882,2.65872297894896,366.890086199303,3.44145411748383,1.25696605269359,"index",0.977800654204399,5.90510758076327,1.96335920651685,"E. alletteratus",TRUE,3
2018,3.89148129249942,0.0306292691108338,494.416846679393,1.35878988013334,2.47177455230906,"index",-3.48588824239241,6.2034680026591,21.1940999962765,"E. alletteratus",TRUE,3
2019,14.1897352145102,0.146260035345821,1376.64800218213,2.65251883099153,2.33416942584288,"index",-1.92245324366052,7.22749090564357,15.2109734476973,"E. alletteratus",TRUE,3
2020,0.565182740773623,0.0401552673715768,7.95490981326371,-0.570606165131956,1.34920616429832,"index",-3.21505024715667,2.07383791689276,2.2746568723731,"E. alletteratus",TRUE,3
2023,34.1936709455527,0.558113106088209,2094.9286443525,3.53204056687127,2.0996478697519,"index",-0.583269257842452,7.647350391585,9.00821244418145,"E. alletteratus",TRUE,3
