"Year","est"
2013,0
2014,0.612285714285714
2015,0.339674787878788
2016,0.2226
2017,1.173175
2018,0.0507928571428571
2019,0
2020,0
2021,0.1323
2022,0.025
2023,0
