"Year","est"
2013,0
2014,0.00191666666666667
2015,0
2016,0
2017,0.00114
2018,0
2019,0.000454838709677419
2020,0
2021,0
2022,0
2023,0.00298275862068966
