"Year","est"
2013,164.292680757576
2014,106.490900833333
2015,132.818716592719
2016,122.742618860973
2017,125.71686386077
2018,74.6068144550635
2019,71.3282956062981
2020,93.9371019561626
2021,123.171754598205
2022,78.1855833485399
2023,82.7769924259151
