"Year","est"
2013,19.3423103896104
2014,17.36767
2015,55.4097751259493
2016,71.4201354530786
2017,70.4197647524859
2018,49.1403592654753
2019,54.7262699906644
2020,60.8165361254694
2021,76.3532854688348
2022,100.172839510029
2023,93.5754175565405
