"Year","est"
2013,0
2014,5e-04
2015,0.00025
2016,0.00520262896825397
2017,0.000727272727272727
2018,0.00324137931034483
2019,0
2020,0
2021,0
2022,0
2023,0
