"Year","est"
2013,0.1268
2014,0
2015,0.0579206199233716
2016,0.00473
2017,0
2018,0.0015
2019,0
2020,0
2021,0.462421052631579
2022,0.0016
2023,0
