"Year","est"
2013,6.2700629978355
2014,3.29116619047619
2015,12.0353062879592
2016,18.9945677308724
2017,24.0432365531187
2018,12.6170743507116
2019,18.9588549711215
2020,21.3310030157887
2021,13.4524664502354
2022,12.102276373239
2023,14.5224742708956
